{
  "problems": {
    "Aunt": {
      "positive_examples": [
"http://www.benchmark.org/family#F2F14",
"http://www.benchmark.org/family#F2F12",
"http://www.benchmark.org/family#F2F19",
"http://www.benchmark.org/family#F2F26",
"http://www.benchmark.org/family#F2F28",
"http://www.benchmark.org/family#F2F36",
"http://www.benchmark.org/family#F3F52",
"http://www.benchmark.org/family#F3F53",
"http://www.benchmark.org/family#F5F62"
,"http://www.benchmark.org/family#F6F72"
,"http://www.benchmark.org/family#F6F79"
,"http://www.benchmark.org/family#F6F77"
,"http://www.benchmark.org/family#F6F86"
,"http://www.benchmark.org/family#F6F91"
,"http://www.benchmark.org/family#F6F84"
,"http://www.benchmark.org/family#F6F96"
,"http://www.benchmark.org/family#F6F101"
,"http://www.benchmark.org/family#F6F93"
,"http://www.benchmark.org/family#F7F114"
,"http://www.benchmark.org/family#F7F106"
,"http://www.benchmark.org/family#F7F116"
,"http://www.benchmark.org/family#F7F119"
,"http://www.benchmark.org/family#F7F126"
,"http://www.benchmark.org/family#F7F121"
,"http://www.benchmark.org/family#F9F148"
,"http://www.benchmark.org/family#F9F150"
,"http://www.benchmark.org/family#F9F143"
,"http://www.benchmark.org/family#F9F152"
,"http://www.benchmark.org/family#F9F154"
,"http://www.benchmark.org/family#F9F141"
,"http://www.benchmark.org/family#F9F160"
,"http://www.benchmark.org/family#F9F163"
,"http://www.benchmark.org/family#F9F158"
,"http://www.benchmark.org/family#F9F168"
,"http://www.benchmark.org/family#F10F174"
,"http://www.benchmark.org/family#F10F179"
,"http://www.benchmark.org/family#F10F181"
,"http://www.benchmark.org/family#F10F192"
,"http://www.benchmark.org/family#F10F193"
,"http://www.benchmark.org/family#F10F186"
,"http://www.benchmark.org/family#F10F195"
],
      "negative_examples": ["http://www.benchmark.org/family#F6M99"
,"http://www.benchmark.org/family#F10F200"
,"http://www.benchmark.org/family#F9F156"
,"http://www.benchmark.org/family#F6M69"
,"http://www.benchmark.org/family#F2F15"
,"http://www.benchmark.org/family#F6M100"
,"http://www.benchmark.org/family#F8F133"
,"http://www.benchmark.org/family#F3F48"
,"http://www.benchmark.org/family#F2F30"
,"http://www.benchmark.org/family#F4F55"
,"http://www.benchmark.org/family#F6F74"
,"http://www.benchmark.org/family#F10M199"
,"http://www.benchmark.org/family#F7M104"
,"http://www.benchmark.org/family#F9M146"
,"http://www.benchmark.org/family#F6M71"
,"http://www.benchmark.org/family#F2F22"
,"http://www.benchmark.org/family#F2M13"
,"http://www.benchmark.org/family#F9F169"
,"http://www.benchmark.org/family#F5F65"
,"http://www.benchmark.org/family#F6M81"
,"http://www.benchmark.org/family#F7M131"
,"http://www.benchmark.org/family#F7F129"
,"http://www.benchmark.org/family#F7M107"
,"http://www.benchmark.org/family#F10F189"
,"http://www.benchmark.org/family#F8F135"
,"http://www.benchmark.org/family#F8M136"
,"http://www.benchmark.org/family#F10M188"
,"http://www.benchmark.org/family#F9F164"
,"http://www.benchmark.org/family#F7F118"
,"http://www.benchmark.org/family#F2F10"
,"http://www.benchmark.org/family#F6F97"
,"http://www.benchmark.org/family#F7F111"
,"http://www.benchmark.org/family#F9M151"
,"http://www.benchmark.org/family#F4M59"
,"http://www.benchmark.org/family#F2M37"
,"http://www.benchmark.org/family#F1M1"
,"http://www.benchmark.org/family#F9M142"
,"http://www.benchmark.org/family#F4M57"
,"http://www.benchmark.org/family#F9M170"
,"http://www.benchmark.org/family#F5M66"
,"http://www.benchmark.org/family#F9F145"
],
      "ignore_concepts": ["Male","Father","Son","Brother","Grandfather","Grandson"]
    },
    "Brother": {
      "positive_examples": ["http://www.benchmark.org/family#F2M13"
,"http://www.benchmark.org/family#F2M18"
,"http://www.benchmark.org/family#F2M11"
,"http://www.benchmark.org/family#F2M32"
,"http://www.benchmark.org/family#F3M44"
,"http://www.benchmark.org/family#F3M45"
,"http://www.benchmark.org/family#F5M64"
,"http://www.benchmark.org/family#F6M71"
,"http://www.benchmark.org/family#F6M81"
,"http://www.benchmark.org/family#F6M90"
,"http://www.benchmark.org/family#F6M100"
,"http://www.benchmark.org/family#F6M92"
,"http://www.benchmark.org/family#F7M113"
,"http://www.benchmark.org/family#F7M117"
,"http://www.benchmark.org/family#F7M115"
,"http://www.benchmark.org/family#F7M125"
,"http://www.benchmark.org/family#F7M123"
,"http://www.benchmark.org/family#F7M131"
,"http://www.benchmark.org/family#F9M151"
,"http://www.benchmark.org/family#F9M153"
,"http://www.benchmark.org/family#F9M159"
,"http://www.benchmark.org/family#F9M166"
,"http://www.benchmark.org/family#F9M162"
,"http://www.benchmark.org/family#F9M157"
,"http://www.benchmark.org/family#F9M167"
,"http://www.benchmark.org/family#F10M173"
,"http://www.benchmark.org/family#F10M183"
,"http://www.benchmark.org/family#F10M184"
,"http://www.benchmark.org/family#F10M188"
,"http://www.benchmark.org/family#F10M199"
],
      "negative_examples": ["http://www.benchmark.org/family#F10M196"
,"http://www.benchmark.org/family#F1M8"
,"http://www.benchmark.org/family#F7F103"
,"http://www.benchmark.org/family#F3F41"
,"http://www.benchmark.org/family#F1M1"
,"http://www.benchmark.org/family#F9F164"
,"http://www.benchmark.org/family#F9M149"
,"http://www.benchmark.org/family#F9M147"
,"http://www.benchmark.org/family#F9F158"
,"http://www.benchmark.org/family#F2F12"
,"http://www.benchmark.org/family#F1F5"
,"http://www.benchmark.org/family#F6M88"
,"http://www.benchmark.org/family#F7M104"
,"http://www.benchmark.org/family#F7M109"
,"http://www.benchmark.org/family#F7M120"
,"http://www.benchmark.org/family#F6F83"
,"http://www.benchmark.org/family#F6M78"
,"http://www.benchmark.org/family#F3M47"
,"http://www.benchmark.org/family#F10F174"
,"http://www.benchmark.org/family#F6F76"
,"http://www.benchmark.org/family#F2F26"
,"http://www.benchmark.org/family#F6F89"
,"http://www.benchmark.org/family#F3M50"
,"http://www.benchmark.org/family#F3F42"
,"http://www.benchmark.org/family#F6F79"
,"http://www.benchmark.org/family#F10M194"
,"http://www.benchmark.org/family#F2F19"
,"http://www.benchmark.org/family#F2F24"
,"http://www.benchmark.org/family#F9F154"
,"http://www.benchmark.org/family#F4F58"
],
      "ignore_concepts": ["Female","Mother","Daughter","Sister","Granddaughter","Grandmother"]
    },
    "Cousin": {
      "positive_examples": ["http://www.benchmark.org/family#F9F152", "http://www.benchmark.org/family#F10M197", "http://www.benchmark.org/family#F9M170", "http://www.benchmark.org/family#F9M159", "http://www.benchmark.org/family#F9F169", "http://www.benchmark.org/family#F10F185", "http://www.benchmark.org/family#F2F14", "http://www.benchmark.org/family#F7M131", "http://www.benchmark.org/family#F9M151", "http://www.benchmark.org/family#F6M90", "http://www.benchmark.org/family#F7F114", "http://www.benchmark.org/family#F6F82", "http://www.benchmark.org/family#F10F192", "http://www.benchmark.org/family#F6M100", "http://www.benchmark.org/family#F9M161", "http://www.benchmark.org/family#F6F94", "http://www.benchmark.org/family#F6F101", "http://www.benchmark.org/family#F9F164", "http://www.benchmark.org/family#F10M188", "http://www.benchmark.org/family#F9M162", "http://www.benchmark.org/family#F6M95", "http://www.benchmark.org/family#F9F143", "http://www.benchmark.org/family#F10M176", "http://www.benchmark.org/family#F9M144", "http://www.benchmark.org/family#F6M81", "http://www.benchmark.org/family#F10F175", "http://www.benchmark.org/family#F6F79", "http://www.benchmark.org/family#F10F198", "http://www.benchmark.org/family#F7M117", "http://www.benchmark.org/family#F2M21", "http://www.benchmark.org/family#F9F154", "http://www.benchmark.org/family#F6F87", "http://www.benchmark.org/family#F6M73", "http://www.benchmark.org/family#F6F74", "http://www.benchmark.org/family#F10F193", "http://www.benchmark.org/family#F2M39", "http://www.benchmark.org/family#F6F91", "http://www.benchmark.org/family#F7F118", "http://www.benchmark.org/family#F2F30", "http://www.benchmark.org/family#F2F38", "http://www.benchmark.org/family#F2F22", "http://www.benchmark.org/family#F7F124", "http://www.benchmark.org/family#F9F163", "http://www.benchmark.org/family#F10M178", "http://www.benchmark.org/family#F10M194", "http://www.benchmark.org/family#F2F15", "http://www.benchmark.org/family#F9F160", "http://www.benchmark.org/family#F9M149", "http://www.benchmark.org/family#F2M31", "http://www.benchmark.org/family#F9M155", "http://www.benchmark.org/family#F9M153", "http://www.benchmark.org/family#F10M183", "http://www.benchmark.org/family#F7M109", "http://www.benchmark.org/family#F6M80", "http://www.benchmark.org/family#F7F108", "http://www.benchmark.org/family#F10M184", "http://www.benchmark.org/family#F7M113", "http://www.benchmark.org/family#F9F145", "http://www.benchmark.org/family#F2M16", "http://www.benchmark.org/family#F9F148", "http://www.benchmark.org/family#F7M123", "http://www.benchmark.org/family#F9M165", "http://www.benchmark.org/family#F9M146", "http://www.benchmark.org/family#F6F86", "http://www.benchmark.org/family#F2M13", "http://www.benchmark.org/family#F10F189", "http://www.benchmark.org/family#F9F150", "http://www.benchmark.org/family#F6M88", "http://www.benchmark.org/family#F10F177", "http://www.benchmark.org/family#F9M166", "http://www.benchmark.org/family#F9F156"],
      "negative_examples": ["http://www.benchmark.org/family#F9F140", "http://www.benchmark.org/family#F2M25", "http://www.benchmark.org/family#F8F133", "http://www.benchmark.org/family#F3F41", "http://www.benchmark.org/family#F8M138", "http://www.benchmark.org/family#F4M57", "http://www.benchmark.org/family#F8M134", "http://www.benchmark.org/family#F2M34", "http://www.benchmark.org/family#F2M11", "http://www.benchmark.org/family#F6M71", "http://www.benchmark.org/family#F7M130", "http://www.benchmark.org/family#F9F168", "http://www.benchmark.org/family#F2M27", "http://www.benchmark.org/family#F4F58", "http://www.benchmark.org/family#F6F96", "http://www.benchmark.org/family#F3M51", "http://www.benchmark.org/family#F3F52", "http://www.benchmark.org/family#F4M54", "http://www.benchmark.org/family#F7M115", "http://www.benchmark.org/family#F2F26", "http://www.benchmark.org/family#F2M23", "http://www.benchmark.org/family#F5M60", "http://www.benchmark.org/family#F5M63", "http://www.benchmark.org/family#F3M45", "http://www.benchmark.org/family#F3M47", "http://www.benchmark.org/family#F10M196", "http://www.benchmark.org/family#F6F93", "http://www.benchmark.org/family#F10M173", "http://www.benchmark.org/family#F3F42", "http://www.benchmark.org/family#F7M120", "http://www.benchmark.org/family#F7F119", "http://www.benchmark.org/family#F7M128", "http://www.benchmark.org/family#F10M187", "http://www.benchmark.org/family#F4F56", "http://www.benchmark.org/family#F3M40", "http://www.benchmark.org/family#F2F10", "http://www.benchmark.org/family#F3F46", "http://www.benchmark.org/family#F3M50", "http://www.benchmark.org/family#F8M136", "http://www.benchmark.org/family#F6F70", "http://www.benchmark.org/family#F1M6", "http://www.benchmark.org/family#F3F53", "http://www.benchmark.org/family#F10M180", "http://www.benchmark.org/family#F2F24", "http://www.benchmark.org/family#F1F2", "http://www.benchmark.org/family#F3F49", "http://www.benchmark.org/family#F7F116", "http://www.benchmark.org/family#F10F179", "http://www.benchmark.org/family#F5F67", "http://www.benchmark.org/family#F5M68", "http://www.benchmark.org/family#F5F65", "http://www.benchmark.org/family#F9M142", "http://www.benchmark.org/family#F2M35", "http://www.benchmark.org/family#F7F105", "http://www.benchmark.org/family#F2F33", "http://www.benchmark.org/family#F2M29", "http://www.benchmark.org/family#F7F111", "http://www.benchmark.org/family#F3F48", "http://www.benchmark.org/family#F2F12", "http://www.benchmark.org/family#F6F97", "http://www.benchmark.org/family#F6M75", "http://www.benchmark.org/family#F8F137", "http://www.benchmark.org/family#F6M85", "http://www.benchmark.org/family#F10F195", "http://www.benchmark.org/family#F7M107", "http://www.benchmark.org/family#F1F7", "http://www.benchmark.org/family#F9M147", "http://www.benchmark.org/family#F8M132", "http://www.benchmark.org/family#F10M190", "http://www.benchmark.org/family#F7F129", "http://www.benchmark.org/family#F2M9"]
    },
    "Daughter": {
      "positive_examples": ["http://www.benchmark.org/family#F10F193", "http://www.benchmark.org/family#F2F30", "http://www.benchmark.org/family#F7F121", "http://www.benchmark.org/family#F10F186", "http://www.benchmark.org/family#F10F192", "http://www.benchmark.org/family#F5F62", "http://www.benchmark.org/family#F3F42", "http://www.benchmark.org/family#F9F169", "http://www.benchmark.org/family#F6F83", "http://www.benchmark.org/family#F9F148", "http://www.benchmark.org/family#F3F52", "http://www.benchmark.org/family#F7F127", "http://www.benchmark.org/family#F10F201", "http://www.benchmark.org/family#F9F141", "http://www.benchmark.org/family#F1F5", "http://www.benchmark.org/family#F2F26", "http://www.benchmark.org/family#F3F49", "http://www.benchmark.org/family#F7F129", "http://www.benchmark.org/family#F9F143", "http://www.benchmark.org/family#F4F58", "http://www.benchmark.org/family#F6F79", "http://www.benchmark.org/family#F6F97", "http://www.benchmark.org/family#F3F53", "http://www.benchmark.org/family#F6F77", "http://www.benchmark.org/family#F9F164", "http://www.benchmark.org/family#F2F33", "http://www.benchmark.org/family#F6F89", "http://www.benchmark.org/family#F7F119", "http://www.benchmark.org/family#F4F56", "http://www.benchmark.org/family#F10F179", "http://www.benchmark.org/family#F2F38", "http://www.benchmark.org/family#F6F86", "http://www.benchmark.org/family#F10F177", "http://www.benchmark.org/family#F10F181", "http://www.benchmark.org/family#F9F150", "http://www.benchmark.org/family#F2F28", "http://www.benchmark.org/family#F2F15", "http://www.benchmark.org/family#F6F87", "http://www.benchmark.org/family#F10F195", "http://www.benchmark.org/family#F6F94", "http://www.benchmark.org/family#F2F17", "http://www.benchmark.org/family#F2F36", "http://www.benchmark.org/family#F9F145", "http://www.benchmark.org/family#F1F3", "http://www.benchmark.org/family#F6F84", "http://www.benchmark.org/family#F7F108", "http://www.benchmark.org/family#F10F175", "http://www.benchmark.org/family#F2F19", "http://www.benchmark.org/family#F7F118", "http://www.benchmark.org/family#F6F96", "http://www.benchmark.org/family#F7F106", "http://www.benchmark.org/family#F1F7"],
      "negative_examples": ["http://www.benchmark.org/family#F6M95", "http://www.benchmark.org/family#F3M44", "http://www.benchmark.org/family#F8F133", "http://www.benchmark.org/family#F2M9", "http://www.benchmark.org/family#F9F163", "http://www.benchmark.org/family#F2M37", "http://www.benchmark.org/family#F10F189", "http://www.benchmark.org/family#F9M149", "http://www.benchmark.org/family#F6M88", "http://www.benchmark.org/family#F6F70", "http://www.benchmark.org/family#F7M123", "http://www.benchmark.org/family#F10F198", "http://www.benchmark.org/family#F2M32", "http://www.benchmark.org/family#F7F114", "http://www.benchmark.org/family#F1M6", "http://www.benchmark.org/family#F6F76", "http://www.benchmark.org/family#F9M162", "http://www.benchmark.org/family#F6M90", "http://www.benchmark.org/family#F6M80", "http://www.benchmark.org/family#F3M43", "http://www.benchmark.org/family#F10M190", "http://www.benchmark.org/family#F2M25", "http://www.benchmark.org/family#F4F55", "http://www.benchmark.org/family#F6M98", "http://www.benchmark.org/family#F4M54", "http://www.benchmark.org/family#F10M202", "http://www.benchmark.org/family#F9F160", "http://www.benchmark.org/family#F10M176", "http://www.benchmark.org/family#F9M167", "http://www.benchmark.org/family#F2M18", "http://www.benchmark.org/family#F5M64", "http://www.benchmark.org/family#F8M132", "http://www.benchmark.org/family#F7M117", "http://www.benchmark.org/family#F9M151", "http://www.benchmark.org/family#F10M171", "http://www.benchmark.org/family#F2M39", "http://www.benchmark.org/family#F1M1", "http://www.benchmark.org/family#F3F41", "http://www.benchmark.org/family#F9M170", "http://www.benchmark.org/family#F9M157", "http://www.benchmark.org/family#F10M199", "http://www.benchmark.org/family#F8M136", "http://www.benchmark.org/family#F7M113", "http://www.benchmark.org/family#F7M107", "http://www.benchmark.org/family#F6M71", "http://www.benchmark.org/family#F2M13", "http://www.benchmark.org/family#F6M73", "http://www.benchmark.org/family#F7M109", "http://www.benchmark.org/family#F10M197", "http://www.benchmark.org/family#F4M59", "http://www.benchmark.org/family#F10M184", "http://www.benchmark.org/family#F7M131"],
      "ignore_concepts": ["Male","Father","Son","Brother","Grandfather","Grandson"]
    },
    "Father": {
      "positive_examples": ["http://www.benchmark.org/family#F6M81", "http://www.benchmark.org/family#F7M123", "http://www.benchmark.org/family#F2M9", "http://www.benchmark.org/family#F10M187", "http://www.benchmark.org/family#F9M153", "http://www.benchmark.org/family#F5M66", "http://www.benchmark.org/family#F4M54", "http://www.benchmark.org/family#F2M31", "http://www.benchmark.org/family#F6M78", "http://www.benchmark.org/family#F10M171", "http://www.benchmark.org/family#F10M182", "http://www.benchmark.org/family#F2M21", "http://www.benchmark.org/family#F6M88", "http://www.benchmark.org/family#F6M95", "http://www.benchmark.org/family#F7M104", "http://www.benchmark.org/family#F2M11", "http://www.benchmark.org/family#F8M136", "http://www.benchmark.org/family#F2M29", "http://www.benchmark.org/family#F6M71", "http://www.benchmark.org/family#F9M139", "http://www.benchmark.org/family#F2M16", "http://www.benchmark.org/family#F9M167", "http://www.benchmark.org/family#F7M107", "http://www.benchmark.org/family#F10M173", "http://www.benchmark.org/family#F9M146", "http://www.benchmark.org/family#F6M92", "http://www.benchmark.org/family#F7M102", "http://www.benchmark.org/family#F1M4", "http://www.benchmark.org/family#F2M23", "http://www.benchmark.org/family#F6M73", "http://www.benchmark.org/family#F2M20", "http://www.benchmark.org/family#F9M144", "http://www.benchmark.org/family#F9M159", "http://www.benchmark.org/family#F9M162", "http://www.benchmark.org/family#F9M157", "http://www.benchmark.org/family#F3M43", "http://www.benchmark.org/family#F10M197", "http://www.benchmark.org/family#F5M64", "http://www.benchmark.org/family#F7M122", "http://www.benchmark.org/family#F3M50", "http://www.benchmark.org/family#F10M188", "http://www.benchmark.org/family#F5M60", "http://www.benchmark.org/family#F7M110", "http://www.benchmark.org/family#F3M47", "http://www.benchmark.org/family#F8M132", "http://www.benchmark.org/family#F2M37", "http://www.benchmark.org/family#F4M57", "http://www.benchmark.org/family#F10M196", "http://www.benchmark.org/family#F7M128", "http://www.benchmark.org/family#F3M45", "http://www.benchmark.org/family#F6M69", "http://www.benchmark.org/family#F3M40", "http://www.benchmark.org/family#F2M34", "http://www.benchmark.org/family#F7M109", "http://www.benchmark.org/family#F8M134", "http://www.benchmark.org/family#F9M142", "http://www.benchmark.org/family#F1M1", "http://www.benchmark.org/family#F6M98", "http://www.benchmark.org/family#F7M115", "http://www.benchmark.org/family#F6M85"],
      "negative_examples": ["http://www.benchmark.org/family#F10F201", "http://www.benchmark.org/family#F7F108", "http://www.benchmark.org/family#F9F163", "http://www.benchmark.org/family#F10M190", "http://www.benchmark.org/family#F6F89", "http://www.benchmark.org/family#F6M90", "http://www.benchmark.org/family#F7F127", "http://www.benchmark.org/family#F9F169", "http://www.benchmark.org/family#F8F133", "http://www.benchmark.org/family#F6F97", "http://www.benchmark.org/family#F10F195", "http://www.benchmark.org/family#F8M138", "http://www.benchmark.org/family#F3F53", "http://www.benchmark.org/family#F6F70", "http://www.benchmark.org/family#F9M170", "http://www.benchmark.org/family#F2F36", "http://www.benchmark.org/family#F3F46", "http://www.benchmark.org/family#F10F179", "http://www.benchmark.org/family#F5F67", "http://www.benchmark.org/family#F7M130", "http://www.benchmark.org/family#F5M68", "http://www.benchmark.org/family#F10M176", "http://www.benchmark.org/family#F10M199", "http://www.benchmark.org/family#F3F52", "http://www.benchmark.org/family#F6F86", "http://www.benchmark.org/family#F5F61", "http://www.benchmark.org/family#F6F77", "http://www.benchmark.org/family#F10F189", "http://www.benchmark.org/family#F7M125", "http://www.benchmark.org/family#F9M165", "http://www.benchmark.org/family#F5F62", "http://www.benchmark.org/family#F6F93", "http://www.benchmark.org/family#F9F143", "http://www.benchmark.org/family#F9F152", "http://www.benchmark.org/family#F9M161", "http://www.benchmark.org/family#F9F156", "http://www.benchmark.org/family#F2M27", "http://www.benchmark.org/family#F9M155", "http://www.benchmark.org/family#F6F79", "http://www.benchmark.org/family#F9F158", "http://www.benchmark.org/family#F7M120", "http://www.benchmark.org/family#F5M63", "http://www.benchmark.org/family#F4F55", "http://www.benchmark.org/family#F7M131", "http://www.benchmark.org/family#F10F181", "http://www.benchmark.org/family#F10F175", "http://www.benchmark.org/family#F7F111", "http://www.benchmark.org/family#F9F154", "http://www.benchmark.org/family#F7F103", "http://www.benchmark.org/family#F10F198", "http://www.benchmark.org/family#F9M149", "http://www.benchmark.org/family#F2F15", "http://www.benchmark.org/family#F3M44", "http://www.benchmark.org/family#F6F74", "http://www.benchmark.org/family#F2M18", "http://www.benchmark.org/family#F9F160", "http://www.benchmark.org/family#F10F191", "http://www.benchmark.org/family#F10F192", "http://www.benchmark.org/family#F7M113", "http://www.benchmark.org/family#F2F22"],
      "ignore_concepts": ["Female","Mother","Daughter","Sister","Granddaughter","Grandmother"]
    },
    "Granddaughter": {
      "positive_examples": ["http://www.benchmark.org/family#F10F201", "http://www.benchmark.org/family#F7F121", "http://www.benchmark.org/family#F9F148", "http://www.benchmark.org/family#F7F119", "http://www.benchmark.org/family#F6F86", "http://www.benchmark.org/family#F6F87", "http://www.benchmark.org/family#F2F15", "http://www.benchmark.org/family#F7F127", "http://www.benchmark.org/family#F4F58", "http://www.benchmark.org/family#F9F169", "http://www.benchmark.org/family#F2F33", "http://www.benchmark.org/family#F6F89", "http://www.benchmark.org/family#F10F192", "http://www.benchmark.org/family#F10F175", "http://www.benchmark.org/family#F3F49", "http://www.benchmark.org/family#F1F5", "http://www.benchmark.org/family#F7F118", "http://www.benchmark.org/family#F2F17", "http://www.benchmark.org/family#F6F94", "http://www.benchmark.org/family#F7F108", "http://www.benchmark.org/family#F9F145", "http://www.benchmark.org/family#F6F96", "http://www.benchmark.org/family#F3F53", "http://www.benchmark.org/family#F2F38", "http://www.benchmark.org/family#F6F83", "http://www.benchmark.org/family#F6F97", "http://www.benchmark.org/family#F2F30", "http://www.benchmark.org/family#F9F150", "http://www.benchmark.org/family#F9F164", "http://www.benchmark.org/family#F3F52", "http://www.benchmark.org/family#F6F79", "http://www.benchmark.org/family#F10F193", "http://www.benchmark.org/family#F7F106", "http://www.benchmark.org/family#F9F143", "http://www.benchmark.org/family#F7F129", "http://www.benchmark.org/family#F10F177", "http://www.benchmark.org/family#F1F7"],
      "negative_examples": ["http://www.benchmark.org/family#F6M88", "http://www.benchmark.org/family#F7M123", "http://www.benchmark.org/family#F10M196", "http://www.benchmark.org/family#F5F65", "http://www.benchmark.org/family#F2F14", "http://www.benchmark.org/family#F10F195", "http://www.benchmark.org/family#F10M183", "http://www.benchmark.org/family#F2M16", "http://www.benchmark.org/family#F2M13", "http://www.benchmark.org/family#F10F185", "http://www.benchmark.org/family#F6F77", "http://www.benchmark.org/family#F2F22", "http://www.benchmark.org/family#F9M147", "http://www.benchmark.org/family#F10M202", "http://www.benchmark.org/family#F9M155", "http://www.benchmark.org/family#F7M112", "http://www.benchmark.org/family#F2F19", "http://www.benchmark.org/family#F5M68", "http://www.benchmark.org/family#F7M131", "http://www.benchmark.org/family#F9F152", "http://www.benchmark.org/family#F3F46", "http://www.benchmark.org/family#F9F163", "http://www.benchmark.org/family#F2M35", "http://www.benchmark.org/family#F7F126", "http://www.benchmark.org/family#F9M157", "http://www.benchmark.org/family#F7M130", "http://www.benchmark.org/family#F7M122", "http://www.benchmark.org/family#F6F74", "http://www.benchmark.org/family#F2M37", "http://www.benchmark.org/family#F8M136", "http://www.benchmark.org/family#F5M60", "http://www.benchmark.org/family#F6F84", "http://www.benchmark.org/family#F9M162", "http://www.benchmark.org/family#F7M102", "http://www.benchmark.org/family#F9M149", "http://www.benchmark.org/family#F4M57", "http://www.benchmark.org/family#F10M188"],
      "ignore_concepts": ["Male","Father","Son","Brother","Grandfather","Grandson"]
    },
    "Grandfather": {
      "positive_examples": ["http://www.benchmark.org/family#F9M139", "http://www.benchmark.org/family#F2M31", "http://www.benchmark.org/family#F10M187", "http://www.benchmark.org/family#F9M157", "http://www.benchmark.org/family#F3M40", "http://www.benchmark.org/family#F5M60", "http://www.benchmark.org/family#F2M20", "http://www.benchmark.org/family#F2M21", "http://www.benchmark.org/family#F6M95", "http://www.benchmark.org/family#F2M29", "http://www.benchmark.org/family#F6M85", "http://www.benchmark.org/family#F7M122", "http://www.benchmark.org/family#F6M69", "http://www.benchmark.org/family#F9M144", "http://www.benchmark.org/family#F2M9", "http://www.benchmark.org/family#F6M71", "http://www.benchmark.org/family#F8M132", "http://www.benchmark.org/family#F3M43", "http://www.benchmark.org/family#F8M134", "http://www.benchmark.org/family#F7M123", "http://www.benchmark.org/family#F7M104", "http://www.benchmark.org/family#F7M107", "http://www.benchmark.org/family#F10M196", "http://www.benchmark.org/family#F10M171", "http://www.benchmark.org/family#F3M47", "http://www.benchmark.org/family#F5M64", "http://www.benchmark.org/family#F6M92", "http://www.benchmark.org/family#F4M54", "http://www.benchmark.org/family#F1M1", "http://www.benchmark.org/family#F6M78", "http://www.benchmark.org/family#F9M142", "http://www.benchmark.org/family#F7M109", "http://www.benchmark.org/family#F2M11", "http://www.benchmark.org/family#F7M102", "http://www.benchmark.org/family#F3M45"],
      "negative_examples": ["http://www.benchmark.org/family#F2M39", "http://www.benchmark.org/family#F6F101", "http://www.benchmark.org/family#F2F22", "http://www.benchmark.org/family#F10M202", "http://www.benchmark.org/family#F10F181", "http://www.benchmark.org/family#F9F148", "http://www.benchmark.org/family#F10F177", "http://www.benchmark.org/family#F1M6", "http://www.benchmark.org/family#F9M146", "http://www.benchmark.org/family#F3F41", "http://www.benchmark.org/family#F7M110", "http://www.benchmark.org/family#F2M27", "http://www.benchmark.org/family#F10F174", "http://www.benchmark.org/family#F2F30", "http://www.benchmark.org/family#F7M115", "http://www.benchmark.org/family#F5F67", "http://www.benchmark.org/family#F5M68", "http://www.benchmark.org/family#F6F89", "http://www.benchmark.org/family#F6M73", "http://www.benchmark.org/family#F10M190", "http://www.benchmark.org/family#F3M51", "http://www.benchmark.org/family#F3M50", "http://www.benchmark.org/family#F10M182", "http://www.benchmark.org/family#F10F175", "http://www.benchmark.org/family#F2M37", "http://www.benchmark.org/family#F10F193", "http://www.benchmark.org/family#F5F62", "http://www.benchmark.org/family#F1F3", "http://www.benchmark.org/family#F6M99", "http://www.benchmark.org/family#F3F46", "http://www.benchmark.org/family#F9F168", "http://www.benchmark.org/family#F2F17", "http://www.benchmark.org/family#F7F103", "http://www.benchmark.org/family#F3F49", "http://www.benchmark.org/family#F9F140"],
      "ignore_concepts": ["Female","Mother","Daughter","Sister","Granddaughter","Grandmother"]
    },
    "Grandgranddaughter": {
      "positive_examples": ["http://www.benchmark.org/family#F3F52", "http://www.benchmark.org/family#F6F89", "http://www.benchmark.org/family#F9F148", "http://www.benchmark.org/family#F7F129", "http://www.benchmark.org/family#F6F97", "http://www.benchmark.org/family#F2F17", "http://www.benchmark.org/family#F6F83", "http://www.benchmark.org/family#F9F164", "http://www.benchmark.org/family#F9F150", "http://www.benchmark.org/family#F6F96", "http://www.benchmark.org/family#F7F118", "http://www.benchmark.org/family#F2F33", "http://www.benchmark.org/family#F9F145", "http://www.benchmark.org/family#F7F127", "http://www.benchmark.org/family#F3F49", "http://www.benchmark.org/family#F7F108", "http://www.benchmark.org/family#F10F201"],
      "negative_examples": ["http://www.benchmark.org/family#F6F70", "http://www.benchmark.org/family#F8F137", "http://www.benchmark.org/family#F2F19", "http://www.benchmark.org/family#F3F41", "http://www.benchmark.org/family#F10M194", "http://www.benchmark.org/family#F10F179", "http://www.benchmark.org/family#F6M88", "http://www.benchmark.org/family#F2F10", "http://www.benchmark.org/family#F1F3", "http://www.benchmark.org/family#F7F114", "http://www.benchmark.org/family#F6F74", "http://www.benchmark.org/family#F5M60", "http://www.benchmark.org/family#F3M50", "http://www.benchmark.org/family#F3M47", "http://www.benchmark.org/family#F2F28", "http://www.benchmark.org/family#F8M138", "http://www.benchmark.org/family#F9M142"],
      "ignore_concepts": ["Male","Father","Son","Brother","Grandfather","Grandson"]
    },
    "Grandgrandfather": {
      "positive_examples": ["http://www.benchmark.org/family#F2M20"
,"http://www.benchmark.org/family#F2M29"
,"http://www.benchmark.org/family#F2M9"
,"http://www.benchmark.org/family#F3M45"
,"http://www.benchmark.org/family#F3M43"
,"http://www.benchmark.org/family#F3M40"
,"http://www.benchmark.org/family#F5M60"
,"http://www.benchmark.org/family#F6M92"
,"http://www.benchmark.org/family#F6M69"
,"http://www.benchmark.org/family#F7M107"
,"http://www.benchmark.org/family#F7M122"
,"http://www.benchmark.org/family#F7M104"
,"http://www.benchmark.org/family#F7M102"
,"http://www.benchmark.org/family#F8M132"
,"http://www.benchmark.org/family#F9M142"
,"http://www.benchmark.org/family#F9M139"
,"http://www.benchmark.org/family#F10M171"
],
      "negative_examples": [
"http://www.benchmark.org/family#F10M190"
,"http://www.benchmark.org/family#F9F169"
,"http://www.benchmark.org/family#F9F168"
,"http://www.benchmark.org/family#F7F106"
,"http://www.benchmark.org/family#F7M128"
,"http://www.benchmark.org/family#F7F129"
,"http://www.benchmark.org/family#F7F105"
,"http://www.benchmark.org/family#F10M182"
,"http://www.benchmark.org/family#F2F17"
,"http://www.benchmark.org/family#F2M34"
,"http://www.benchmark.org/family#F7M120"
,"http://www.benchmark.org/family#F6M81"
,"http://www.benchmark.org/family#F6F101"
,"http://www.benchmark.org/family#F8M134"
,"http://www.benchmark.org/family#F7M109"
,"http://www.benchmark.org/family#F3F53"
,"http://www.benchmark.org/family#F10M173"
],
      "ignore_concepts": ["Female","Mother","Daughter","Sister","Granddaughter","Grandmother"]
    },
    "Grandgrandmother": {
      "positive_examples": ["http://www.benchmark.org/family#F3F46", "http://www.benchmark.org/family#F6F70", "http://www.benchmark.org/family#F8F133", "http://www.benchmark.org/family#F2F10", "http://www.benchmark.org/family#F2F28", "http://www.benchmark.org/family#F7F106", "http://www.benchmark.org/family#F2F19", "http://www.benchmark.org/family#F3F41", "http://www.benchmark.org/family#F7F121", "http://www.benchmark.org/family#F9F140", "http://www.benchmark.org/family#F10F172", "http://www.benchmark.org/family#F3F42", "http://www.benchmark.org/family#F5F61", "http://www.benchmark.org/family#F7F103", "http://www.benchmark.org/family#F6F93", "http://www.benchmark.org/family#F9F141", "http://www.benchmark.org/family#F7F105"],
      "negative_examples": ["http://www.benchmark.org/family#F6M73", "http://www.benchmark.org/family#F2F33", "http://www.benchmark.org/family#F10F174", "http://www.benchmark.org/family#F10F191", "http://www.benchmark.org/family#F5M66", "http://www.benchmark.org/family#F2F22", "http://www.benchmark.org/family#F1M4", "http://www.benchmark.org/family#F2M39", "http://www.benchmark.org/family#F7M102", "http://www.benchmark.org/family#F10M176", "http://www.benchmark.org/family#F9F156", "http://www.benchmark.org/family#F10F198", "http://www.benchmark.org/family#F6F77", "http://www.benchmark.org/family#F8M138", "http://www.benchmark.org/family#F2F24", "http://www.benchmark.org/family#F9M149", "http://www.benchmark.org/family#F10M196"],
      "ignore_concepts": ["Male","Father","Son","Brother","Grandfather","Grandson"]
    },
    "Grandgrandson": {
      "positive_examples": ["http://www.benchmark.org/family#F9M161", "http://www.benchmark.org/family#F7M113", "http://www.benchmark.org/family#F7M123", "http://www.benchmark.org/family#F3M51", "http://www.benchmark.org/family#F7M131", "http://www.benchmark.org/family#F2M25", "http://www.benchmark.org/family#F2M18", "http://www.benchmark.org/family#F6M75", "http://www.benchmark.org/family#F10M199", "http://www.benchmark.org/family#F5M68", "http://www.benchmark.org/family#F8M138", "http://www.benchmark.org/family#F3M47", "http://www.benchmark.org/family#F10M190", "http://www.benchmark.org/family#F7M117", "http://www.benchmark.org/family#F2M23", "http://www.benchmark.org/family#F9M155", "http://www.benchmark.org/family#F9M166", "http://www.benchmark.org/family#F2M32", "http://www.benchmark.org/family#F2M35", "http://www.benchmark.org/family#F7M125", "http://www.benchmark.org/family#F6M99", "http://www.benchmark.org/family#F7M110", "http://www.benchmark.org/family#F9M147", "http://www.benchmark.org/family#F7M112"],
      "negative_examples": ["http://www.benchmark.org/family#F8M134", "http://www.benchmark.org/family#F3M45", "http://www.benchmark.org/family#F2F36", "http://www.benchmark.org/family#F2F17", "http://www.benchmark.org/family#F10F198", "http://www.benchmark.org/family#F9F148", "http://www.benchmark.org/family#F6M85", "http://www.benchmark.org/family#F6F70", "http://www.benchmark.org/family#F9M142", "http://www.benchmark.org/family#F9M170", "http://www.benchmark.org/family#F10F192", "http://www.benchmark.org/family#F3F53", "http://www.benchmark.org/family#F10F193", "http://www.benchmark.org/family#F9F141", "http://www.benchmark.org/family#F10M184", "http://www.benchmark.org/family#F7M115", "http://www.benchmark.org/family#F8M132", "http://www.benchmark.org/family#F3M43", "http://www.benchmark.org/family#F10M197", "http://www.benchmark.org/family#F3F49", "http://www.benchmark.org/family#F9M144", "http://www.benchmark.org/family#F5F65", "http://www.benchmark.org/family#F2F30", "http://www.benchmark.org/family#F6M92"]
    },
    "Grandmother": {
      "positive_examples": ["http://www.benchmark.org/family#F7F103", "http://www.benchmark.org/family#F2F10", "http://www.benchmark.org/family#F3F46", "http://www.benchmark.org/family#F7F124", "http://www.benchmark.org/family#F2F30", "http://www.benchmark.org/family#F2F19", "http://www.benchmark.org/family#F6F72", "http://www.benchmark.org/family#F6F93", "http://www.benchmark.org/family#F2F22", "http://www.benchmark.org/family#F1F2", "http://www.benchmark.org/family#F7F121", "http://www.benchmark.org/family#F9F141", "http://www.benchmark.org/family#F9F158", "http://www.benchmark.org/family#F8F135", "http://www.benchmark.org/family#F5F65", "http://www.benchmark.org/family#F10F186", "http://www.benchmark.org/family#F6F70", "http://www.benchmark.org/family#F7F105", "http://www.benchmark.org/family#F2F28", "http://www.benchmark.org/family#F4F55", "http://www.benchmark.org/family#F9F140", "http://www.benchmark.org/family#F7F106", "http://www.benchmark.org/family#F10F172", "http://www.benchmark.org/family#F6F94", "http://www.benchmark.org/family#F3F48", "http://www.benchmark.org/family#F6F77", "http://www.benchmark.org/family#F8F133", "http://www.benchmark.org/family#F9F143", "http://www.benchmark.org/family#F2F12", "http://www.benchmark.org/family#F5F61", "http://www.benchmark.org/family#F6F84", "http://www.benchmark.org/family#F7F108", "http://www.benchmark.org/family#F3F42", "http://www.benchmark.org/family#F3F41", "http://www.benchmark.org/family#F10F195"],
      "negative_examples": ["http://www.benchmark.org/family#F10M199", "http://www.benchmark.org/family#F1M4", "http://www.benchmark.org/family#F4M54", "http://www.benchmark.org/family#F2M31", "http://www.benchmark.org/family#F10F174", "http://www.benchmark.org/family#F6M100", "http://www.benchmark.org/family#F9M147", "http://www.benchmark.org/family#F9F156", "http://www.benchmark.org/family#F7M117", "http://www.benchmark.org/family#F10M178", "http://www.benchmark.org/family#F4F56", "http://www.benchmark.org/family#F2M39", "http://www.benchmark.org/family#F8M138", "http://www.benchmark.org/family#F3M47", "http://www.benchmark.org/family#F7M109", "http://www.benchmark.org/family#F3F52", "http://www.benchmark.org/family#F9M142", "http://www.benchmark.org/family#F9M139", "http://www.benchmark.org/family#F10F198", "http://www.benchmark.org/family#F6M78", "http://www.benchmark.org/family#F7F127", "http://www.benchmark.org/family#F7F118", "http://www.benchmark.org/family#F2F17", "http://www.benchmark.org/family#F6F97", "http://www.benchmark.org/family#F1M6", "http://www.benchmark.org/family#F1M1", "http://www.benchmark.org/family#F10M180", "http://www.benchmark.org/family#F9F160", "http://www.benchmark.org/family#F7M112", "http://www.benchmark.org/family#F6M71", "http://www.benchmark.org/family#F6M88", "http://www.benchmark.org/family#F3M51", "http://www.benchmark.org/family#F3M43", "http://www.benchmark.org/family#F7M120", "http://www.benchmark.org/family#F2F38"],
      "ignore_concepts": ["Male","Father","Son","Brother","Grandfather","Grandson"]
    },
    "Grandson": {
      "positive_examples": ["http://www.benchmark.org/family#F2M32", "http://www.benchmark.org/family#F6M81", "http://www.benchmark.org/family#F10M197", "http://www.benchmark.org/family#F7M131", "http://www.benchmark.org/family#F8M136", "http://www.benchmark.org/family#F7M110", "http://www.benchmark.org/family#F10M184", "http://www.benchmark.org/family#F9M147", "http://www.benchmark.org/family#F2M21", "http://www.benchmark.org/family#F2M25", "http://www.benchmark.org/family#F10M188", "http://www.benchmark.org/family#F6M100", "http://www.benchmark.org/family#F9M155", "http://www.benchmark.org/family#F9M166", "http://www.benchmark.org/family#F7M113", "http://www.benchmark.org/family#F2M35", "http://www.benchmark.org/family#F2M13", "http://www.benchmark.org/family#F5M68", "http://www.benchmark.org/family#F7M112", "http://www.benchmark.org/family#F3M47", "http://www.benchmark.org/family#F3M45", "http://www.benchmark.org/family#F7M123", "http://www.benchmark.org/family#F6M75", "http://www.benchmark.org/family#F7M125", "http://www.benchmark.org/family#F5M66", "http://www.benchmark.org/family#F9M151", "http://www.benchmark.org/family#F2M23", "http://www.benchmark.org/family#F2M18", "http://www.benchmark.org/family#F10M199", "http://www.benchmark.org/family#F9M153", "http://www.benchmark.org/family#F10M190", "http://www.benchmark.org/family#F6M90", "http://www.benchmark.org/family#F9M161", "http://www.benchmark.org/family#F7M115", "http://www.benchmark.org/family#F3M51", "http://www.benchmark.org/family#F10M183", "http://www.benchmark.org/family#F7M117", "http://www.benchmark.org/family#F8M138", "http://www.benchmark.org/family#F3M44", "http://www.benchmark.org/family#F6M99", "http://www.benchmark.org/family#F9M162", "http://www.benchmark.org/family#F6M73", "http://www.benchmark.org/family#F9M159"],
      "negative_examples": ["http://www.benchmark.org/family#F10M194", "http://www.benchmark.org/family#F10M182", "http://www.benchmark.org/family#F9F158", "http://www.benchmark.org/family#F1F7", "http://www.benchmark.org/family#F1M8", "http://www.benchmark.org/family#F2M16", "http://www.benchmark.org/family#F9F150", "http://www.benchmark.org/family#F6F74", "http://www.benchmark.org/family#F6M92", "http://www.benchmark.org/family#F2M29", "http://www.benchmark.org/family#F4F56", "http://www.benchmark.org/family#F7F118", "http://www.benchmark.org/family#F4M54", "http://www.benchmark.org/family#F6F89", "http://www.benchmark.org/family#F4F58", "http://www.benchmark.org/family#F2F33", "http://www.benchmark.org/family#F10F174", "http://www.benchmark.org/family#F7F129", "http://www.benchmark.org/family#F7F114", "http://www.benchmark.org/family#F2F36", "http://www.benchmark.org/family#F9F152", "http://www.benchmark.org/family#F1F5", "http://www.benchmark.org/family#F7M120", "http://www.benchmark.org/family#F7F124", "http://www.benchmark.org/family#F4F55", "http://www.benchmark.org/family#F7F108", "http://www.benchmark.org/family#F10F192", "http://www.benchmark.org/family#F9M170", "http://www.benchmark.org/family#F2M34", "http://www.benchmark.org/family#F3M50", "http://www.benchmark.org/family#F6F94", "http://www.benchmark.org/family#F8M134", "http://www.benchmark.org/family#F7M128", "http://www.benchmark.org/family#F6F72", "http://www.benchmark.org/family#F2F28", "http://www.benchmark.org/family#F6M85", "http://www.benchmark.org/family#F9F140", "http://www.benchmark.org/family#F9M139", "http://www.benchmark.org/family#F6F83", "http://www.benchmark.org/family#F10F175", "http://www.benchmark.org/family#F4M57", "http://www.benchmark.org/family#F6F86", "http://www.benchmark.org/family#F2F19"],
      "ignore_concepts": ["Female","Mother","Daughter","Sister","Granddaughter","Grandmother"]
    },
    "Mother": {
      "positive_examples": ["http://www.benchmark.org/family#F6F72", "http://www.benchmark.org/family#F9F163", "http://www.benchmark.org/family#F4F55", "http://www.benchmark.org/family#F2F12", "http://www.benchmark.org/family#F7F103", "http://www.benchmark.org/family#F7F108", "http://www.benchmark.org/family#F9F160", "http://www.benchmark.org/family#F10F195", "http://www.benchmark.org/family#F6F87", "http://www.benchmark.org/family#F2F24", "http://www.benchmark.org/family#F10F181", "http://www.benchmark.org/family#F10F186", "http://www.benchmark.org/family#F3F48", "http://www.benchmark.org/family#F9F141", "http://www.benchmark.org/family#F3F41", "http://www.benchmark.org/family#F2F33", "http://www.benchmark.org/family#F9F154", "http://www.benchmark.org/family#F6F70", "http://www.benchmark.org/family#F1F3", "http://www.benchmark.org/family#F2F30", "http://www.benchmark.org/family#F3F46", "http://www.benchmark.org/family#F9F158", "http://www.benchmark.org/family#F9F143", "http://www.benchmark.org/family#F6F97", "http://www.benchmark.org/family#F10F174", "http://www.benchmark.org/family#F3F49", "http://www.benchmark.org/family#F3F42", "http://www.benchmark.org/family#F2F36", "http://www.benchmark.org/family#F9F145", "http://www.benchmark.org/family#F10F198", "http://www.benchmark.org/family#F2F15", "http://www.benchmark.org/family#F5F67", "http://www.benchmark.org/family#F2F28", "http://www.benchmark.org/family#F6F82", "http://www.benchmark.org/family#F7F106", "http://www.benchmark.org/family#F7F105", "http://www.benchmark.org/family#F2F19", "http://www.benchmark.org/family#F6F84", "http://www.benchmark.org/family#F1F2", "http://www.benchmark.org/family#F2F22", "http://www.benchmark.org/family#F9F168", "http://www.benchmark.org/family#F10F172", "http://www.benchmark.org/family#F7F124", "http://www.benchmark.org/family#F4F56", "http://www.benchmark.org/family#F7F116", "http://www.benchmark.org/family#F8F137", "http://www.benchmark.org/family#F7F111", "http://www.benchmark.org/family#F10F189", "http://www.benchmark.org/family#F8F135", "http://www.benchmark.org/family#F6F77", "http://www.benchmark.org/family#F5F61", "http://www.benchmark.org/family#F6F93", "http://www.benchmark.org/family#F6F94", "http://www.benchmark.org/family#F7F121", "http://www.benchmark.org/family#F6F74", "http://www.benchmark.org/family#F8F133", "http://www.benchmark.org/family#F9F140", "http://www.benchmark.org/family#F2F10", "http://www.benchmark.org/family#F5F65", "http://www.benchmark.org/family#F7F127"],
      "negative_examples": ["http://www.benchmark.org/family#F6M99", "http://www.benchmark.org/family#F9F152", "http://www.benchmark.org/family#F7M123", "http://www.benchmark.org/family#F6M80", "http://www.benchmark.org/family#F8M138", "http://www.benchmark.org/family#F6M73", "http://www.benchmark.org/family#F6M69", "http://www.benchmark.org/family#F2F17", "http://www.benchmark.org/family#F5F62", "http://www.benchmark.org/family#F1M4", "http://www.benchmark.org/family#F6M90", "http://www.benchmark.org/family#F6M98", "http://www.benchmark.org/family#F10F191", "http://www.benchmark.org/family#F10F175", "http://www.benchmark.org/family#F6M81", "http://www.benchmark.org/family#F6F79", "http://www.benchmark.org/family#F4F58", "http://www.benchmark.org/family#F3M51", "http://www.benchmark.org/family#F10M182", "http://www.benchmark.org/family#F9F156", "http://www.benchmark.org/family#F7F126", "http://www.benchmark.org/family#F9M166", "http://www.benchmark.org/family#F6M100", "http://www.benchmark.org/family#F5M68", "http://www.benchmark.org/family#F10M176", "http://www.benchmark.org/family#F3F52", "http://www.benchmark.org/family#F10M199", "http://www.benchmark.org/family#F9M170", "http://www.benchmark.org/family#F3M47", "http://www.benchmark.org/family#F10M194", "http://www.benchmark.org/family#F2M35", "http://www.benchmark.org/family#F7M120", "http://www.benchmark.org/family#F5M66", "http://www.benchmark.org/family#F10F201", "http://www.benchmark.org/family#F8M136", "http://www.benchmark.org/family#F7M128", "http://www.benchmark.org/family#F7F118", "http://www.benchmark.org/family#F9M162", "http://www.benchmark.org/family#F1M6", "http://www.benchmark.org/family#F10M180", "http://www.benchmark.org/family#F3F53", "http://www.benchmark.org/family#F6F101", "http://www.benchmark.org/family#F7M117", "http://www.benchmark.org/family#F2M18", "http://www.benchmark.org/family#F3M44", "http://www.benchmark.org/family#F9M146", "http://www.benchmark.org/family#F10F200", "http://www.benchmark.org/family#F8M134", "http://www.benchmark.org/family#F9F169", "http://www.benchmark.org/family#F6M95", "http://www.benchmark.org/family#F1F7", "http://www.benchmark.org/family#F7M115", "http://www.benchmark.org/family#F10M173", "http://www.benchmark.org/family#F2M39", "http://www.benchmark.org/family#F6F96", "http://www.benchmark.org/family#F7F114", "http://www.benchmark.org/family#F6F86", "http://www.benchmark.org/family#F2M16", "http://www.benchmark.org/family#F3M45", "http://www.benchmark.org/family#F10M197"],
      "ignore_concepts": ["Male","Father","Son","Brother","Grandfather","Grandson"]
    },
    "PersonWithASibling": {
      "positive_examples": ["http://www.benchmark.org/family#F10F193", "http://www.benchmark.org/family#F2F17", "http://www.benchmark.org/family#F3M45", "http://www.benchmark.org/family#F3F53", "http://www.benchmark.org/family#F6F96", "http://www.benchmark.org/family#F10M173", "http://www.benchmark.org/family#F6F86", "http://www.benchmark.org/family#F3M44", "http://www.benchmark.org/family#F7F106", "http://www.benchmark.org/family#F7M131", "http://www.benchmark.org/family#F10M183", "http://www.benchmark.org/family#F10F201", "http://www.benchmark.org/family#F6F94", "http://www.benchmark.org/family#F10M184", "http://www.benchmark.org/family#F2F26", "http://www.benchmark.org/family#F10F192", "http://www.benchmark.org/family#F6F87", "http://www.benchmark.org/family#F2F19", "http://www.benchmark.org/family#F3F49", "http://www.benchmark.org/family#F9F145", "http://www.benchmark.org/family#F9F150", "http://www.benchmark.org/family#F7F127", "http://www.benchmark.org/family#F10M199", "http://www.benchmark.org/family#F10F195", "http://www.benchmark.org/family#F9F164", "http://www.benchmark.org/family#F7M113", "http://www.benchmark.org/family#F10F179", "http://www.benchmark.org/family#F6M71", "http://www.benchmark.org/family#F2M32", "http://www.benchmark.org/family#F6M100", "http://www.benchmark.org/family#F9M162", "http://www.benchmark.org/family#F2F28", "http://www.benchmark.org/family#F7M125", "http://www.benchmark.org/family#F2F15", "http://www.benchmark.org/family#F2F36", "http://www.benchmark.org/family#F9F143", "http://www.benchmark.org/family#F7M117", "http://www.benchmark.org/family#F1F5", "http://www.benchmark.org/family#F9M167", "http://www.benchmark.org/family#F10F177", "http://www.benchmark.org/family#F9F148", "http://www.benchmark.org/family#F10F181", "http://www.benchmark.org/family#F7F108", "http://www.benchmark.org/family#F2F33", "http://www.benchmark.org/family#F6F79", "http://www.benchmark.org/family#F7F121", "http://www.benchmark.org/family#F10F175", "http://www.benchmark.org/family#F7M123", "http://www.benchmark.org/family#F9M153", "http://www.benchmark.org/family#F7F118", "http://www.benchmark.org/family#F9M166", "http://www.benchmark.org/family#F2M13", "http://www.benchmark.org/family#F6F84", "http://www.benchmark.org/family#F7M115", "http://www.benchmark.org/family#F5M64", "http://www.benchmark.org/family#F6F77", "http://www.benchmark.org/family#F3F52", "http://www.benchmark.org/family#F10M188", "http://www.benchmark.org/family#F10F186", "http://www.benchmark.org/family#F9M159", "http://www.benchmark.org/family#F2M11", "http://www.benchmark.org/family#F9F141", "http://www.benchmark.org/family#F9M151", "http://www.benchmark.org/family#F2M18", "http://www.benchmark.org/family#F5F62", "http://www.benchmark.org/family#F6F97", "http://www.benchmark.org/family#F9M157", "http://www.benchmark.org/family#F1F7", "http://www.benchmark.org/family#F7F119", "http://www.benchmark.org/family#F6M92", "http://www.benchmark.org/family#F6M90", "http://www.benchmark.org/family#F6M81"],
      "negative_examples":
["http://www.benchmark.org/family#F5F67", "http://www.benchmark.org/family#F7M112", "http://www.benchmark.org/family#F7F111", "http://www.benchmark.org/family#F2M23", "http://www.benchmark.org/family#F3M47", "http://www.benchmark.org/family#F6F72", "http://www.benchmark.org/family#F7M122", "http://www.benchmark.org/family#F9F169", "http://www.benchmark.org/family#F7M104", "http://www.benchmark.org/family#F10M196", "http://www.benchmark.org/family#F8F135", "http://www.benchmark.org/family#F9M139", "http://www.benchmark.org/family#F10M194", "http://www.benchmark.org/family#F10M187", "http://www.benchmark.org/family#F10F200", "http://www.benchmark.org/family#F9M142", "http://www.benchmark.org/family#F6M95", "http://www.benchmark.org/family#F7M102", "http://www.benchmark.org/family#F6F91", "http://www.benchmark.org/family#F10M180", "http://www.benchmark.org/family#F6F82", "http://www.benchmark.org/family#F3M51", "http://www.benchmark.org/family#F2M35", "http://www.benchmark.org/family#F10M176", "http://www.benchmark.org/family#F3M50", "http://www.benchmark.org/family#F3F46", "http://www.benchmark.org/family#F9M170", "http://www.benchmark.org/family#F8M134", "http://www.benchmark.org/family#F2F12", "http://www.benchmark.org/family#F7F114", "http://www.benchmark.org/family#F10F172", "http://www.benchmark.org/family#F2F24", "http://www.benchmark.org/family#F8M138", "http://www.benchmark.org/family#F4F58", "http://www.benchmark.org/family#F10F185", "http://www.benchmark.org/family#F9F154", "http://www.benchmark.org/family#F6M75", "http://www.benchmark.org/family#F5M60", "http://www.benchmark.org/family#F6F89", "http://www.benchmark.org/family#F1M4", "http://www.benchmark.org/family#F8F133", "http://www.benchmark.org/family#F7F105", "http://www.benchmark.org/family#F2M16", "http://www.benchmark.org/family#F4F55", "http://www.benchmark.org/family#F6M80", "http://www.benchmark.org/family#F2M39", "http://www.benchmark.org/family#F1F3", "http://www.benchmark.org/family#F6M85", "http://www.benchmark.org/family#F1M1", "http://www.benchmark.org/family#F7F116", "http://www.benchmark.org/family#F9F168", "http://www.benchmark.org/family#F10M182", "http://www.benchmark.org/family#F1M6", "http://www.benchmark.org/family#F2F14", "http://www.benchmark.org/family#F6M88", "http://www.benchmark.org/family#F4F56", "http://www.benchmark.org/family#F9M146", "http://www.benchmark.org/family#F6F76", "http://www.benchmark.org/family#F9F152", "http://www.benchmark.org/family#F5F61", "http://www.benchmark.org/family#F6M73", "http://www.benchmark.org/family#F3F42", "http://www.benchmark.org/family#F3M40", "http://www.benchmark.org/family#F7M128", "http://www.benchmark.org/family#F4M57", "http://www.benchmark.org/family#F1M8", "http://www.benchmark.org/family#F10M197", "http://www.benchmark.org/family#F2M25", "http://www.benchmark.org/family#F9M144", "http://www.benchmark.org/family#F7M109", "http://www.benchmark.org/family#F9F140", "http://www.benchmark.org/family#F9M147"]
    },
    "Sister": {
      "positive_examples": ["http://www.benchmark.org/family#F6F96", "http://www.benchmark.org/family#F9F150", "http://www.benchmark.org/family#F2F28", "http://www.benchmark.org/family#F9F145", "http://www.benchmark.org/family#F3F53", "http://www.benchmark.org/family#F9F141", "http://www.benchmark.org/family#F1F5", "http://www.benchmark.org/family#F7F108", "http://www.benchmark.org/family#F10F193", "http://www.benchmark.org/family#F10F177", "http://www.benchmark.org/family#F10F192", "http://www.benchmark.org/family#F9F164", "http://www.benchmark.org/family#F6F86", "http://www.benchmark.org/family#F6F94", "http://www.benchmark.org/family#F7F127", "http://www.benchmark.org/family#F6F77", "http://www.benchmark.org/family#F10F179", "http://www.benchmark.org/family#F1F7", "http://www.benchmark.org/family#F6F84", "http://www.benchmark.org/family#F7F121", "http://www.benchmark.org/family#F3F52", "http://www.benchmark.org/family#F6F87", "http://www.benchmark.org/family#F10F181", "http://www.benchmark.org/family#F2F36", "http://www.benchmark.org/family#F7F118", "http://www.benchmark.org/family#F7F106", "http://www.benchmark.org/family#F2F26", "http://www.benchmark.org/family#F7F119", "http://www.benchmark.org/family#F2F19", "http://www.benchmark.org/family#F9F148", "http://www.benchmark.org/family#F6F97", "http://www.benchmark.org/family#F5F62", "http://www.benchmark.org/family#F10F186", "http://www.benchmark.org/family#F10F201", "http://www.benchmark.org/family#F10F175", "http://www.benchmark.org/family#F2F15", "http://www.benchmark.org/family#F2F17", "http://www.benchmark.org/family#F6F79", "http://www.benchmark.org/family#F9F143", "http://www.benchmark.org/family#F2F33", "http://www.benchmark.org/family#F10F195", "http://www.benchmark.org/family#F3F49"],
      "negative_examples": ["http://www.benchmark.org/family#F1M1", "http://www.benchmark.org/family#F4F56", "http://www.benchmark.org/family#F2M37", "http://www.benchmark.org/family#F6M95", "http://www.benchmark.org/family#F7M115", "http://www.benchmark.org/family#F7F129", "http://www.benchmark.org/family#F9M153", "http://www.benchmark.org/family#F1M6", "http://www.benchmark.org/family#F2M16", "http://www.benchmark.org/family#F6M85", "http://www.benchmark.org/family#F9F169", "http://www.benchmark.org/family#F4F55", "http://www.benchmark.org/family#F4M59", "http://www.benchmark.org/family#F3M47", "http://www.benchmark.org/family#F10F185", "http://www.benchmark.org/family#F6F82", "http://www.benchmark.org/family#F6F74", "http://www.benchmark.org/family#F10M184", "http://www.benchmark.org/family#F8F133", "http://www.benchmark.org/family#F7F111", "http://www.benchmark.org/family#F2F38", "http://www.benchmark.org/family#F10M173", "http://www.benchmark.org/family#F6M78", "http://www.benchmark.org/family#F5M60", "http://www.benchmark.org/family#F1F2", "http://www.benchmark.org/family#F2F14", "http://www.benchmark.org/family#F9M159", "http://www.benchmark.org/family#F8F135", "http://www.benchmark.org/family#F10F189", "http://www.benchmark.org/family#F3F41", "http://www.benchmark.org/family#F9M146", "http://www.benchmark.org/family#F1M4", "http://www.benchmark.org/family#F8M132", "http://www.benchmark.org/family#F7M123", "http://www.benchmark.org/family#F6F72", "http://www.benchmark.org/family#F10M199", "http://www.benchmark.org/family#F6F70", "http://www.benchmark.org/family#F4M54", "http://www.benchmark.org/family#F9M139", "http://www.benchmark.org/family#F3M43", "http://www.benchmark.org/family#F9F168", "http://www.benchmark.org/family#F7F124"],
      "ignore_concepts": ["Male","Father","Son","Brother","Grandfather","Grandson"]
    },
    "Son": {
      "positive_examples": ["http://www.benchmark.org/family#F9M166", "http://www.benchmark.org/family#F9M157", "http://www.benchmark.org/family#F8M134", "http://www.benchmark.org/family#F2M18", "http://www.benchmark.org/family#F2M35", "http://www.benchmark.org/family#F3M47", "http://www.benchmark.org/family#F6M73", "http://www.benchmark.org/family#F7M104", "http://www.benchmark.org/family#F10M184", "http://www.benchmark.org/family#F10M199", "http://www.benchmark.org/family#F6M100", "http://www.benchmark.org/family#F9M155", "http://www.benchmark.org/family#F9M161", "http://www.benchmark.org/family#F6M75", "http://www.benchmark.org/family#F2M23", "http://www.benchmark.org/family#F10M190", "http://www.benchmark.org/family#F2M11", "http://www.benchmark.org/family#F3M45", "http://www.benchmark.org/family#F6M71", "http://www.benchmark.org/family#F6M90", "http://www.benchmark.org/family#F10M197", "http://www.benchmark.org/family#F10M188", "http://www.benchmark.org/family#F6M99", "http://www.benchmark.org/family#F9M151", "http://www.benchmark.org/family#F6M81", "http://www.benchmark.org/family#F6M92", "http://www.benchmark.org/family#F7M123", "http://www.benchmark.org/family#F7M113", "http://www.benchmark.org/family#F2M13", "http://www.benchmark.org/family#F7M117", "http://www.benchmark.org/family#F2M32", "http://www.benchmark.org/family#F9M159", "http://www.benchmark.org/family#F7M112", "http://www.benchmark.org/family#F10M183", "http://www.benchmark.org/family#F5M68", "http://www.benchmark.org/family#F5M64", "http://www.benchmark.org/family#F7M115", "http://www.benchmark.org/family#F10M173", "http://www.benchmark.org/family#F9M153", "http://www.benchmark.org/family#F9M167", "http://www.benchmark.org/family#F2M21", "http://www.benchmark.org/family#F9M147", "http://www.benchmark.org/family#F7M110", "http://www.benchmark.org/family#F7M131", "http://www.benchmark.org/family#F3M44", "http://www.benchmark.org/family#F7M125", "http://www.benchmark.org/family#F9M162", "http://www.benchmark.org/family#F5M66", "http://www.benchmark.org/family#F2M25", "http://www.benchmark.org/family#F3M51", "http://www.benchmark.org/family#F8M136", "http://www.benchmark.org/family#F8M138"],
      "negative_examples": ["http://www.benchmark.org/family#F9F150", "http://www.benchmark.org/family#F3M43", "http://www.benchmark.org/family#F3F41", "http://www.benchmark.org/family#F9F163", "http://www.benchmark.org/family#F2F19", "http://www.benchmark.org/family#F6F94", "http://www.benchmark.org/family#F6M95", "http://www.benchmark.org/family#F7M109", "http://www.benchmark.org/family#F6F74", "http://www.benchmark.org/family#F7F105", "http://www.benchmark.org/family#F2F15", "http://www.benchmark.org/family#F10M202", "http://www.benchmark.org/family#F9F169", "http://www.benchmark.org/family#F6F91", "http://www.benchmark.org/family#F10M171", "http://www.benchmark.org/family#F9M139", "http://www.benchmark.org/family#F7F108", "http://www.benchmark.org/family#F8F137", "http://www.benchmark.org/family#F9M149", "http://www.benchmark.org/family#F2M20", "http://www.benchmark.org/family#F10F175", "http://www.benchmark.org/family#F1F7", "http://www.benchmark.org/family#F2F24", "http://www.benchmark.org/family#F2F22", "http://www.benchmark.org/family#F6M88", "http://www.benchmark.org/family#F9F160", "http://www.benchmark.org/family#F9F152", "http://www.benchmark.org/family#F9F141", "http://www.benchmark.org/family#F6F93", "http://www.benchmark.org/family#F6F79", "http://www.benchmark.org/family#F6F82", "http://www.benchmark.org/family#F8F133", "http://www.benchmark.org/family#F4F58", "http://www.benchmark.org/family#F7F121", "http://www.benchmark.org/family#F9F164", "http://www.benchmark.org/family#F1F2", "http://www.benchmark.org/family#F5F65", "http://www.benchmark.org/family#F1M4", "http://www.benchmark.org/family#F10M187", "http://www.benchmark.org/family#F1M6", "http://www.benchmark.org/family#F9M142", "http://www.benchmark.org/family#F1F3", "http://www.benchmark.org/family#F6M78", "http://www.benchmark.org/family#F8F135", "http://www.benchmark.org/family#F7F111", "http://www.benchmark.org/family#F9F143", "http://www.benchmark.org/family#F9M144", "http://www.benchmark.org/family#F3F42", "http://www.benchmark.org/family#F10F186", "http://www.benchmark.org/family#F7M102", "http://www.benchmark.org/family#F6F83", "http://www.benchmark.org/family#F6F84"],
      "ignore_concepts": ["Female","Mother","Daughter","Sister","Granddaughter","Grandmother"]
    },
    "Uncle": {
      "positive_examples": ["http://www.benchmark.org/family#F10M180", "http://www.benchmark.org/family#F7M107", "http://www.benchmark.org/family#F2M32", "http://www.benchmark.org/family#F2M29", "http://www.benchmark.org/family#F2M11", "http://www.benchmark.org/family#F7M131", "http://www.benchmark.org/family#F9M159", "http://www.benchmark.org/family#F10M173", "http://www.benchmark.org/family#F10M194", "http://www.benchmark.org/family#F9M144", "http://www.benchmark.org/family#F2M37", "http://www.benchmark.org/family#F6M85", "http://www.benchmark.org/family#F7M120", "http://www.benchmark.org/family#F6M90", "http://www.benchmark.org/family#F6M71", "http://www.benchmark.org/family#F7M122", "http://www.benchmark.org/family#F9M149", "http://www.benchmark.org/family#F2M27", "http://www.benchmark.org/family#F5M63", "http://www.benchmark.org/family#F7M115", "http://www.benchmark.org/family#F6M92", "http://www.benchmark.org/family#F9M167", "http://www.benchmark.org/family#F10M187", "http://www.benchmark.org/family#F10M182", "http://www.benchmark.org/family#F9M142", "http://www.benchmark.org/family#F3M44", "http://www.benchmark.org/family#F2M20", "http://www.benchmark.org/family#F2M13", "http://www.benchmark.org/family#F6M78", "http://www.benchmark.org/family#F10M196", "http://www.benchmark.org/family#F9M151", "http://www.benchmark.org/family#F6M80", "http://www.benchmark.org/family#F7M125", "http://www.benchmark.org/family#F7M113", "http://www.benchmark.org/family#F9M153", "http://www.benchmark.org/family#F9M157", "http://www.benchmark.org/family#F9M162", "http://www.benchmark.org/family#F6M100"],
      "negative_examples": ["http://www.benchmark.org/family#F3M43", "http://www.benchmark.org/family#F10F189", "http://www.benchmark.org/family#F5M64", "http://www.benchmark.org/family#F9M165", "http://www.benchmark.org/family#F9F156", "http://www.benchmark.org/family#F2F22", "http://www.benchmark.org/family#F4F55", "http://www.benchmark.org/family#F6M95", "http://www.benchmark.org/family#F5F67", "http://www.benchmark.org/family#F6F86", "http://www.benchmark.org/family#F8M134", "http://www.benchmark.org/family#F7M117", "http://www.benchmark.org/family#F10F174", "http://www.benchmark.org/family#F5F65", "http://www.benchmark.org/family#F3F53", "http://www.benchmark.org/family#F10M188", "http://www.benchmark.org/family#F6F94", "http://www.benchmark.org/family#F9M147", "http://www.benchmark.org/family#F7F119", "http://www.benchmark.org/family#F2F38", "http://www.benchmark.org/family#F7F103", "http://www.benchmark.org/family#F2F26", "http://www.benchmark.org/family#F7F108", "http://www.benchmark.org/family#F5M60", "http://www.benchmark.org/family#F1F3", "http://www.benchmark.org/family#F2F14", "http://www.benchmark.org/family#F9F148", "http://www.benchmark.org/family#F2F28", "http://www.benchmark.org/family#F6F89", "http://www.benchmark.org/family#F6F82", "http://www.benchmark.org/family#F2M9", "http://www.benchmark.org/family#F2F36", "http://www.benchmark.org/family#F9F160", "http://www.benchmark.org/family#F10F198", "http://www.benchmark.org/family#F6F76", "http://www.benchmark.org/family#F2F12", "http://www.benchmark.org/family#F1F2", "http://www.benchmark.org/family#F10F191"],
      "ignore_concepts": ["Female","Mother","Daughter","Sister","Granddaughter","Grandmother"]
    }
  }
}
